Workbook
Name PIB_RAW: Tabla3[#All]

Sheet graficas_excel
B23: Fuente: elaboración propia con datos del INEGI. | J23: Fuente: elaboración propia con datos del INEGI. | U23: Fuente: elaboración propia con datos del INEGI.
B25: act | C25: Tasa Media de Crecimiento Anual
B26: act. secundarias | C26: =(pib_niveles!C46 / pib_niveles!C2) ^ (1/44) - 1 -> 0.024085227
B27: act. terciarias | C27: =(pib_niveles!D46 / pib_niveles!D2) ^ (1/44) - 1 -> 0.031509454

Sheet base_nl
A1: año | B1: terc | C1: per_capita | D1: poblacion_urb | E1: ied | F1: escolaridad | G1: exportaciones
A2: 1980 | B2: 0.45619856 | C2: 245612.79 | D2: 0.87435317 | F2: 6
A3: 1981 | B3: 0.45232767 | C3: 266243.31 | D3: 0.87891204 | F3: 6.2
A4: 1982 | B4: 0.45651343 | C4: 259786.4 | D4: 0.88347091 | F4: 6.4
A5: 1983 | B5: 0.4774026 | C5: 238941.84 | D5: 0.88802978 | F5: 6.6
A6: 1984 | B6: 0.47444709 | C6: 243399.43 | D6: 0.89258865 | F6: 6.8
A7: 1985 | B7: 0.46740667 | C7: 243548.87 | D7: 0.89714752 | F7: 7
A8: 1986 | B8: 0.47944061 | C8: 226863.85 | D8: 0.90170639 | F8: 7.2
A9: 1987 | B9: 0.47578043 | C9: 227626.04 | D9: 0.90626526 | F9: 7.4
A10: 1988 | B10: 0.47711974 | C10: 226283.34 | D10: 0.91082413 | F10: 7.6
A11: 1989 | B11: 0.48071297 | C11: 231086.87 | D11: 0.915383 | F11: 7.8
A12: 1990 | B12: 0.480145 | C12: 239774.22 | D12: 0.91994187 | F12: 8
A13: 1991 | B13: 0.48952863 | C13: 244921.55 | D13: 0.92185395 | F13: 8.084
... A20: 1998 | B20: 0.49492283 | C20: 284450.01 | D20: 0.93224524 | F20: 8.672
A21: 1999 | B21: 0.49522024 | C21: 295808.7 | D21: 0.93315957 | E21: 2485.832 | F21: 8.756
A22: 2000 | B22: 0.49815379 | C22: 310002.72 | D22: 0.93407389 | E22: 3140.1777 | F22: 8.84
A23: 2001 | B23: 0.49580374 | C23: 304088.5 | D23: 0.93597935 | E23: 4176.9769 | F23: 8.937
A24: 2002 | B24: 0.50046331 | C24: 304212.46 | D24: 0.93788482 | E24: 3421.0422 | F24: 9.034
A25: 2003 | B25: 0.49775043 | C25: 310360.33 | D25: 0.93979028 | E25: 3028.0757 | F25: 9.131
A26: 2004 | B26: 0.5042265 | C26: 315163.98 | D26: 0.94169574 | E26: 1781.1753 | F26: 9.228
A27: 2005 | B27: 0.50345348 | C27: 316985.37 | D27: 0.94360121 | E27: 5929.5453 | F27: 9.325
A28: 2006 | B28: 0.49992077 | C28: 334067.05 | D28: 0.94425089 | E28: 2054.454 | F28: 9.422
A29: 2007 | B29: 0.50568487 | C29: 341831.48 | D29: 0.94490058 | E29: 4161.2526 | F29: 9.519 | G29: 0.24169789
A30: 2008 | B30: 0.5143712 | C30: 335094.07 | D30: 0.94555026 | E30: 1898.4695 | F30: 9.616 | G30: 0.25831507
A31: 2009 | B31: 0.51532147 | C31: 302790.73 | D31: 0.94619995 | E31: 1075.7035 | F31: 9.713 | G31: 0.25361605
A32: 2010 | B32: 0.5164696 | C32: 317561.67 | D32: 0.94684963 | E32: 5412.018 | F32: 9.81 | G32: 0.26315769
A33: 2011 | B33: 0.52384869 | C33: 321099.63 | D33: 0.94804853 | E33: 1835.5724 | F33: 9.8 | G33: 0.28056138
A34: 2012 | B34: 0.53169712 | C34: 327175.56 | D34: 0.94924742 | E34: 1374.7921 | F34: 9.9 | G34: 0.28661691
A35: 2013 | B35: 0.54038157 | C35: 318608.13 | D35: 0.95044631 | E35: 2336.7908 | F35: 10 | G35: 0.27872493
A36: 2014 | B36: 0.53699947 | C36: 323280.08 | D36: 0.9516452 | E36: 1637.4026 | F36: 10.1 | G36: 0.31177097
A37: 2015 | B37: 0.53637433 | C37: 328160.24 | D37: 0.95284409 | E37: 3455.2386 | F37: 10.27 | G37: 0.34431511
A38: 2016 | B38: 0.54765709 | C38: 323387.16 | D38: 0.95404299 | E38: 3408.8619 | F38: 10.3 | G38: 0.36447547
A39: 2017 | B39: 0.54915295 | C39: 327566.5 | D39: 0.95524188 | E39: 1996.2 | F39: 10.4 | G39: 0.38803089
A40: 2018 | B40: 0.53335814 | C40: 337453.13 | D40: 0.95644077 | E40: 3593.4735 | F40: 10.5 | G40: 0.42789751
... A46: 2024 | B46: 0.53590917 | C46: 326558.5 | D46: 0.96363412 | E46: 1830.6917 | F46: 10.915 | G46: 0.39755635

Sheet base_comp
A1: estado | B1: año | C1: actividades primarias | D1: actividades secundarias | E1: actividades terciarias
A2: Nuevo León | B2: 1980 | C2: 0.010901894 | D2: 0.46355822 | E2: 0.45619856
A3: Nuevo León | B3: 1981 | C3: 0.010538388 | D3: 0.46779262 | E3: 0.45232767
A4: Nuevo León | B4: 1982 | C4: 0.010462132 | D4: 0.46368311 | E4: 0.45651343
A5: Nuevo León | B5: 1983 | C5: 0.011366298 | D5: 0.44188978 | E5: 0.4774026
A6: Nuevo León | B6: 1984 | C6: 0.011131107 | D6: 0.44508049 | E6: 0.47444709
A7: Nuevo León | B7: 1985 | C7: 0.011226696 | D7: 0.45202531 | E7: 0.46740667
A8: Nuevo León | B8: 1986 | C8: 0.011816685 | D8: 0.43940139 | E8: 0.47944061
A9: Nuevo León | B9: 1987 | C9: 0.011757472 | D9: 0.44312078 | E9: 0.47578043
A10: Nuevo León | B10: 1988 | C10: 0.011494987 | D10: 0.44204396 | E10: 0.47711974
A11: Nuevo León | B11: 1989 | C11: 0.011111899 | D11: 0.43883381 | E11: 0.48071297
A12: Nuevo León | B12: 1990 | C12: 0.011035526 | D12: 0.43947815 | E12: 0.480145
A13: Nuevo León | B13: 1991 | C13: 0.010811055 | D13: 0.430319 | E13: 0.48952863
... A136: Ciudad de México | B136: 2024 | C136: 0.00035328 | D136: 0.089091161 | E136: 0.8519317

Sheet pib_niveles_t
A1: Columna1 | B1: 1980 | C1: 1981 | D1: 1982 | E1: 1983 | F1: 1984 | G1: 1985 | H1: 1986 | I1: 1987 | J1: 1988 | K1: 1989 | L1: 1990 | M1: 1991 | N1: 1992 | O1: 1993 | P1: 1994 | Q1: 1995 | R1: 1996 | S1: 1997 | T1: 1998 | U1: 1999 | V1: 2000 | W1: 2001 | X1: 2002 | Y1: 2003 | Z1: 2004 | AA1: 2005 | AB1: 2006 | AC1: 2007 | AD1: 2008 | AE1: 2009 | AF1: 2010 | AG1: 2011 | AH1: 2012 | AI1: 2013 | AJ1: 2014 | AK1: 2015 | AL1: 2016 | AM1: 2017 | AN1: 2018 | AO1: 2019 | AP1: 2020 | AQ1: 2021 | AR1: 2022 | AS1: 2023 | AT1: 2024
A2: PIB | B2: 617991.08 | C2: 688550.97 | D2: 689748.6 | E2: 650982.13 | F2: 680103.57 | G2: 697456.76 | H2: 665305.12 | I2: 683097.92 | J2: 694487.69 | K2: 725048.32 | L2: 769293.92 | M2: 803906.22 | N2: 838399.24 | O2: 870417.88 | P2: 916740.23 | Q2: 853356.8 | R2: 906779.12 | S2: 993197.62 | T2: 1077062 | U2: 1137219.6 | V2: 1212180.7 | W2: 1213057.6 | X2: 1238800.3 | Y2: 1289662.1 | Z2: 1335507.8 | AA2: 1368862 | AB2: 1469583.9 | AC2: 1532409.5 | AD2: 1531655 | AE2: 1411038.7 | AF2: 1509564.3 | AG2: 1558835 | AH2: 1621930.3 | AI2: 1611568.8 | AJ2: 1666974.7 | AK2: 1728164 | AL2: 1743960.9 | AM2: 1809343.6 | AN2: 1909026.4 | AO2: 1918825 | AP2: 1743165.6 | AQ2: 1865875.3 | AR2: 1928658.4 | AS2: 1991519.7 | AT2: 2059995.6
A3: Actividades primarias | B3: 6737.273 | C3: 7256.217 | D3: 7216.241 | E3: 7399.257 | F3: 7570.306 | G3: 7830.135 | H3: 7861.701 | I3: 8031.505 | J3: 7983.127 | K3: 8056.664 | L3: 8489.563 | M3: 8691.074 | N3: 8504.824 | O3: 7731.344 | P3: 9343.177 | Q3: 10254.858 | R3: 10527.741 | S3: 10040.763 | T3: 11577.028 | U3: 9889.426 | V3: 9237.676 | W3: 10663.269 | X3: 11199.993 | Y3: 11260.127 | Z3: 10348.765 | AA3: 9649.533 | AB3: 9426.818 | AC3: 10348.043 | AD3: 9707.646 | AE3: 10150.258 | AF3: 10616.776 | AG3: 9489.093 | AH3: 9890.615 | AI3: 9741.964 | AJ3: 9918.297 | AK3: 9215.727 | AL3: 8444.347 | AM3: 8499.742 | AN3: 8533.487 | AO3: 9383.745 | AP3: 9321.439 | AQ3: 9069.977 | AR3: 9313.725 | AS3: 9312.432 | AT3: 9516.257
A4: Actividades secundarias | B4: 286474.84 | C4: 322099.06 | D4: 319824.77 | E4: 287662.35 | F4: 302700.83 | G4: 315268.11 | H4: 292335.99 | I4: 302694.88 | J4: 306994.09 | K4: 318175.72 | L4: 338087.87 | M4: 345936.12 | N4: 358213.94 | O4: 363057.57 | P4: 380032.57 | Q4: 338469.16 | R4: 378194.17 | S4: 423291.57 | T4: 457468.81 | U4: 484828.46 | V4: 515900.74 | W4: 512634.15 | X4: 515954.56 | Y4: 539396.94 | Z4: 552018.8 | AA4: 570810.48 | AB4: 619705.41 | AC4: 640216.27 | AD4: 624890.54 | AE4: 577894.45 | AF4: 622242.13 | AG4: 636987.94 | AH4: 654371.16 | AI4: 638205.06 | AJ4: 665679.4 | AK4: 688313.45 | AL4: 671980.7 | AM4: 695124.41 | AN4: 761978.33 | AO4: 763827.5 | AP4: 676930.62 | AQ4: 741059.84 | AR4: 768414.33 | AS4: 790515.66 | AT4: 816347.28
A5: Actividades terciarias | B5: 281926.64 | C5: 311450.66 | D5: 314879.5 | E5: 310780.56 | F5: 322673.16 | G5: 325995.94 | H5: 318974.29 | I5: 325004.62 | J5: 331353.78 | K5: 348540.13 | L5: 369372.63 | M5: 393535.11 | N5: 413544.76 | O5: 439273.04 | P5: 462188.48 | Q5: 444955.22 | R5: 455644.75 | S5: 491199.76 | T5: 533062.59 | U5: 563174.16 | V5: 603852.43 | W5: 601438.47 | X5: 619974.11 | Y5: 641929.87 | Z5: 673398.44 | AA5: 689158.34 | AB5: 734675.51 | AC5: 774916.31 | AD5: 787839.25 | AE5: 727138.52 | AF5: 779644.06 | AG5: 816593.67 | AH5: 862375.65 | AI5: 870862.07 | AJ5: 895164.53 | AK5: 926942.8 | AL5: 955092.54 | AM5: 993606.34 | AN5: 1018194.8 | AO5: 1023769 | AP5: 953891.27 | AQ5: 1000821.3 | AR5: 1029071.3 | AS5: 1065940.3 | AT5: 1103970.5

Sheet pib_niveles
A1: año | B1: actividades primarias | C1: actividades secundarias | D1: actividades terciarias | E1: pib total
A2: 1980 | B2: 6737.273 | C2: 286474.84 | D2: 281926.64 | E2: 617991.08
A3: 1981 | B3: 7256.217 | C3: 322099.06 | D3: 311450.66 | E3: 688550.97
A4: 1982 | B4: 7216.241 | C4: 319824.77 | D4: 314879.5 | E4: 689748.6
A5: 1983 | B5: 7399.257 | C5: 287662.35 | D5: 310780.56 | E5: 650982.13
A6: 1984 | B6: 7570.306 | C6: 302700.83 | D6: 322673.16 | E6: 680103.57
A7: 1985 | B7: 7830.135 | C7: 315268.11 | D7: 325995.94 | E7: 697456.76
A8: 1986 | B8: 7861.701 | C8: 292335.99 | D8: 318974.29 | E8: 665305.12
A9: 1987 | B9: 8031.505 | C9: 302694.88 | D9: 325004.62 | E9: 683097.92
A10: 1988 | B10: 7983.127 | C10: 306994.09 | D10: 331353.78 | E10: 694487.69
A11: 1989 | B11: 8056.664 | C11: 318175.72 | D11: 348540.13 | E11: 725048.32
A12: 1990 | B12: 8489.563 | C12: 338087.87 | D12: 369372.63 | E12: 769293.92
A13: 1991 | B13: 8691.074 | C13: 345936.12 | D13: 393535.11 | E13: 803906.22
... A46: 2024 | B46: 9516.257 | C46: 816347.28 | D46: 1103970.5 | E46: 2059995.6

Sheet td1
A1: sector | B1: año | C1: pib
A2: PIB | B2: 1980 | C2: 617991.08
A3: PIB | B3: 1981 | C3: 688550.97
A4: PIB | B4: 1982 | C4: 689748.6
A5: PIB | B5: 1983 | C5: 650982.13
A6: PIB | B6: 1984 | C6: 680103.57
A7: PIB | B7: 1985 | C7: 697456.76
A8: PIB | B8: 1986 | C8: 665305.12
A9: PIB | B9: 1987 | C9: 683097.92
A10: PIB | B10: 1988 | C10: 694487.69
A11: PIB | B11: 1989 | C11: 725048.32
A12: PIB | B12: 1990 | C12: 769293.92
A13: PIB | B13: 1991 | C13: 803906.22
... A181: Actividades terciarias | B181: 2024 | C181: 1103970.5

Sheet pib_pct
A1: año | B1: actividades primarias | C1: actividades secundarias | D1: actividades terciarias | E1: re
A2: 1980 | B2: =pib_niveles!B2 / pib_niveles!$E2 -> 0.010901894 | C2: =pib_niveles!C2 / pib_niveles!$E2 -> 0.46355822 | D2: =pib_niveles!D2 / pib_niveles!$E2 -> 0.45619856 | E2: =D2/C2 -> 0.98412356
A3: 1981 | B3: =pib_niveles!B3 / pib_niveles!$E3 -> 0.010538388 | C3: =pib_niveles!C3 / pib_niveles!$E3 -> 0.46779262 | D3: =pib_niveles!D3 / pib_niveles!$E3 -> 0.45232767 | E3: =D3/C3 -> 0.96694059
A4: 1982 | B4: =pib_niveles!B4 / pib_niveles!$E4 -> 0.010462132 | C4: =pib_niveles!C4 / pib_niveles!$E4 -> 0.46368311 | D4: =pib_niveles!D4 / pib_niveles!$E4 -> 0.45651343 | E4: =D4/C4 -> 0.98453755
A5: 1983 | B5: =pib_niveles!B5 / pib_niveles!$E5 -> 0.011366298 | C5: =pib_niveles!C5 / pib_niveles!$E5 -> 0.44188978 | D5: =pib_niveles!D5 / pib_niveles!$E5 -> 0.4774026 | E5: =D5/C5 -> 1.0803658
A6: 1984 | B6: =pib_niveles!B6 / pib_niveles!$E6 -> 0.011131107 | C6: =pib_niveles!C6 / pib_niveles!$E6 -> 0.44508049 | D6: =pib_niveles!D6 / pib_niveles!$E6 -> 0.47444709 | E6: =D6/C6 -> 1.0659804
A7: 1985 | B7: =pib_niveles!B7 / pib_niveles!$E7 -> 0.011226696 | C7: =pib_niveles!C7 / pib_niveles!$E7 -> 0.45202531 | D7: =pib_niveles!D7 / pib_niveles!$E7 -> 0.46740667 | E7: =D7/C7 -> 1.0340276
A8: 1986 | B8: =pib_niveles!B8 / pib_niveles!$E8 -> 0.011816685 | C8: =pib_niveles!C8 / pib_niveles!$E8 -> 0.43940139 | D8: =pib_niveles!D8 / pib_niveles!$E8 -> 0.47944061 | E8: =D8/C8 -> 1.0911222
A9: 1987 | B9: =pib_niveles!B9 / pib_niveles!$E9 -> 0.011757472 | C9: =pib_niveles!C9 / pib_niveles!$E9 -> 0.44312078 | D9: =pib_niveles!D9 / pib_niveles!$E9 -> 0.47578043 | E9: =D9/C9 -> 1.0737037
A10: 1988 | B10: =pib_niveles!B10 / pib_niveles!$E10 -> 0.011494987 | C10: =pib_niveles!C10 / pib_niveles!$E10 -> 0.44204396 | D10: =pib_niveles!D10 / pib_niveles!$E10 -> 0.47711974 | E10: =D10/C10 -> 1.0793491
A11: 1989 | B11: =pib_niveles!B11 / pib_niveles!$E11 -> 0.011111899 | C11: =pib_niveles!C11 / pib_niveles!$E11 -> 0.43883381 | D11: =pib_niveles!D11 / pib_niveles!$E11 -> 0.48071297 | E11: =D11/C11 -> 1.0954329
A12: 1990 | B12: =pib_niveles!B12 / pib_niveles!$E12 -> 0.011035526 | C12: =pib_niveles!C12 / pib_niveles!$E12 -> 0.43947815 | D12: =pib_niveles!D12 / pib_niveles!$E12 -> 0.480145 | E12: =D12/C12 -> 1.0925344
A13: 1991 | B13: =pib_niveles!B13 / pib_niveles!$E13 -> 0.010811055 | C13: =pib_niveles!C13 / pib_niveles!$E13 -> 0.430319 | D13: =pib_niveles!D13 / pib_niveles!$E13 -> 0.48952863 | E13: =D13/C13 -> 1.1375947
... A46: 2024 | B46: =pib_niveles!B46 / pib_niveles!$E46 -> 0.0046195522 | C46: =pib_niveles!C46 / pib_niveles!$E46 -> 0.39628594 | D46: =pib_niveles!D46 / pib_niveles!$E46 -> 0.53590917 | E46: =D46/C46 -> 1.3523295

Sheet INGEI_raw_detallada
A1: Concepto | B1: 2003 | C1: 2004 | D1: 2005 | E1: 2006 | F1: 2007 | G1: 2008 | H1: 2009 | I1: 2010 | J1: 2011 | K1: 2012 | L1: 2013 | M1: 2014 | N1: 2015 | O1: 2016 | P1: 2017 | Q1: 2018 | R1: 2019 | S1: 2020 | T1: 2021 | U1: 2022 | V1: 2023 | W1: 2024
A2: 11 - Agricultura, cría y explotación de animales, aprovechamiento forestal, pesca y caza | B2: 11260.127 | C2: 10348.765 | D2: 9649.533 | E2: 9426.818 | F2: 10348.043 | G2: 9707.646 | H2: 10150.258 | I2: 10616.776 | J2: 9489.093 | K2: 9890.615 | L2: 9741.964 | M2: 9918.297 | N2: 9215.727 | O2: 8444.347 | P2: 8499.742 | Q2: 8533.487 | R2: 9383.745 | S2: 9321.439 | T2: 9069.977 | U2: 9313.725 | V2: 9312.432 | W2: 9516.257
A3: 21 - Minería | B3: 11590.216 | C3: 11820.465 | D3: 12528.997 | E3: 11961.228 | F3: 12573.105 | G3: 11914.639 | H3: 13164.976 | I3: 14077.064 | J3: 13510.836 | K3: 12701.054 | L3: 14300.29 | M3: 14032.452 | N3: 14646.654 | O3: 11645.23 | P3: 10355.522 | Q3: 11616.584 | R3: 10483.656 | S3: 10161.795 | T3: 10638.821 | U3: 11527.047 | V3: 12938.428 | W3: 12780.661
A4: 22 - Generación, transmisión, distribución y comercialización de energía eléctrica, suministro de agua y de gas natural por ductos al consumidor final | B4: 16542.316 | C4: 16860.959 | D4: 17510.961 | E4: 21781.683 | F4: 21730.159 | G4: 24519.21 | H4: 23945.844 | I4: 24213.279 | J4: 27733.108 | K4: 28783.612 | L4: 28279.915 | M4: 29194.378 | N4: 31504.742 | O4: 30621.097 | P4: 29841.173 | Q4: 33990.093 | R4: 35106.588 | S4: 27309.955 | T4: 26065.999 | U4: 23386.64 | V4: 24748.877 | W4: 23977.042
A5: 23 - Construcción | B5: 59293.374 | C5: 64410.38 | D5: 75136.481 | E5: 89333.496 | F5: 106879.1 | G5: 96974.387 | H5: 81320.691 | I5: 91212.765 | J5: 93418.594 | K5: 89199.506 | L5: 88938.382 | M5: 99017.189 | N5: 113525 | O5: 101364.35 | P5: 103626.33 | Q5: 113979.55 | R5: 112729.12 | S5: 99841.844 | T5: 102712.76 | U5: 94369.373 | V5: 95467.232 | W5: 117418.85
A6: 31-33 - Industrias manufactureras | B6: 451971.03 | C6: 458927 | D6: 465634.04 | E6: 496629 | F6: 499033.9 | G6: 491482.31 | H6: 459462.94 | I6: 492739.02 | J6: 502325.4 | K6: 523686.98 | L6: 506686.48 | M6: 523435.39 | N6: 528637.05 | O6: 528350.03 | P6: 551301.39 | Q6: 602392.11 | R6: 605508.13 | S6: 539617.02 | T6: 601642.26 | U6: 639131.27 | V6: 657361.12 | W6: 662170.73
A7: 43 - Comercio al por mayor | B7: 106297.51 | C7: 113614.15 | D7: 117285.43 | E7: 127357.68 | F7: 133262.16 | G7: 135645.97 | H7: 115960.43 | I7: 130362.99 | J7: 143260.53 | K7: 151318.07 | L7: 151816.11 | M7: 162919.66 | N7: 165181.44 | O7: 166962.31 | P7: 168878.67 | Q7: 173152 | R7: 169050.95 | S7: 155964.24 | T7: 170397.69 | U7: 182604.19 | V7: 192037.88 | W7: 194918.38
A8: 46 - Comercio al por menor | B8: 106239.36 | C8: 111299.53 | D8: 115009.66 | E8: 123299.48 | F8: 128812.14 | G8: 128932.78 | H8: 108140.68 | I8: 124050.65 | J8: 129812.59 | K8: 138573.81 | L8: 133133.34 | M8: 137215.74 | N8: 139218.38 | O8: 140973.95 | P8: 142583.12 | Q8: 143170.77 | R8: 141000.93 | S8: 133159.84 | T8: 141074.44 | U8: 150739.58 | V8: 156772.31 | W8: 162137.03
A9: 48-49 - Transportes, correos y almacenamiento | B9: 97536.803 | C9: 104769.42 | D9: 106696.29 | E9: 111952.67 | F9: 116271.23 | G9: 115013.2 | H9: 102662.47 | I9: 113286.25 | J9: 120313.65 | K9: 129243.05 | L9: 131289.25 | M9: 138969.71 | N9: 147104.69 | O9: 150282.72 | P9: 160174.66 | Q9: 165128.71 | R9: 165008.64 | S9: 144769.15 | T9: 164535.68 | U9: 180352.14 | V9: 187058.13 | W9: 193809.38
A10: 51 - Información en medios masivos | B10: 7852.365 | C10: 8824.967 | D10: 9795.17 | E10: 10785.807 | F10: 12724.86 | G10: 13523.192 | H10: 13804.383 | I10: 13722.151 | J10: 14396.071 | K10: 15467.484 | L10: 16053.948 | M10: 17118.947 | N10: 20342.504 | O10: 24094.443 | P10: 25571.603 | Q10: 27742.824 | R10: 29212.029 | S10: 28217.686 | T10: 30738.545 | U10: 36545.71 | V10: 39152.377 | W10: 42387.79
A11: 52 - Servicios financieros y de seguros | B11: 19973.781 | C11: 22413.849 | D11: 19658.976 | E11: 21023.863 | F11: 24832.16 | G11: 29612.807 | H11: 31684.855 | I11: 38865.351 | J11: 40222.219 | K11: 42567.733 | L11: 50815.755 | M11: 52198.747 | N11: 58740.665 | O11: 68086.73 | P11: 79462.03 | Q11: 84133.882 | R11: 84746.209 | S11: 79600.606 | T11: 79576.423 | U11: 86707.578 | V11: 93268.062 | W11: 98039.828
A12: 53 - Servicios inmobiliarios y de alquiler de bienes muebles e intangibles | B12: 75549.243 | C12: 79502.857 | D12: 81337.86 | E12: 86137.346 | F12: 89736.408 | G12: 93324.553 | H12: 92078.716 | I12: 94524.018 | J12: 97200.136 | K12: 100547.16 | L12: 101284.5 | M12: 104272.1 | N12: 107390.26 | O12: 110258.18 | P12: 112473.03 | Q12: 115263.67 | R12: 118408.72 | S12: 118280.62 | T12: 126775.26 | U12: 132497.76 | V12: 136740.6 | W12: 137335.05
A13: 54 - Servicios profesionales, científicos y técnicos | B13: 26141.605 | C13: 27993.473 | D13: 29420.566 | E13: 29985.761 | F13: 32327.547 | G13: 33253.316 | H13: 33514.011 | I13: 31679.454 | J13: 32878.94 | K13: 35002.773 | L13: 33324.763 | M13: 32929.172 | N13: 35441.47 | O13: 38083.987 | P13: 38154.926 | Q13: 37903.852 | R13: 38933.06 | S13: 41869.991 | T13: 43273.3 | U13: 43715.999 | V13: 45065.652 | W13: 52174.416
... A22: pib total | B22: 1289662.1 | C22: 1335507.8 | D22: 1368862 | E22: 1469583.9 | F22: 1532409.5 | G22: 1531655 | H22: 1411038.7 | I22: 1509564.3 | J22: 1558835 | K22: 1621930.3 | L22: 1611568.8 | M22: 1666974.7 | N22: 1728164 | O22: 1743960.9 | P22: 1809343.6 | Q22: 1909026.4 | R22: 1918825 | S22: 1743165.6 | T22: 1865875.3 | U22: 1928658.4 | V22: 1991519.7 | W22: 2059995.6

Sheet td2
A1: Actividad | B1: Actividades Terciarias
A3: Suma de Participacion | B3: Etiquetas de columna
A4: Etiquetas de fila | B4: Comercio | C4: Logística y transporte | D4: Servicios empresariales | E4: Servicios inmobiliarios | F4: Servicios sociales y gobierno | G4: Turismo y servicio personales
A5: 2003 | B5: 0.16480043 | C5: 0.075629734 | D5: 0.079238557 | E5: 0.058580648 | F5: 0.073016225 | G5: 0.046484837
A6: 2004 | B6: 0.16841061 | C6: 0.078449126 | D6: 0.081228611 | E6: 0.059530056 | F6: 0.071139786 | G6: 0.04546831
A7: 2005 | B7: 0.16969942 | C7: 0.077945248 | D7: 0.080061609 | E7: 0.059420059 | F7: 0.07036125 | G7: 0.045965893
A8: 2006 | B8: 0.17056335 | C8: 0.076179841 | D8: 0.083179444 | E8: 0.058613425 | F8: 0.066787636 | G8: 0.044597075
A9: 2007 | B9: 0.17102106 | C9: 0.075874778 | D9: 0.089465962 | E9: 0.058559026 | F9: 0.065121885 | G9: 0.045642166
A10: 2008 | B10: 0.17274043 | C10: 0.0750908 | D10: 0.093742267 | E10: 0.06093053 | F10: 0.068004462 | G10: 0.043862713
A11: 2009 | B11: 0.15881997 | C11: 0.072756666 | D11: 0.10119398 | E11: 0.065255984 | F11: 0.074005406 | G11: 0.043289466
A12: 2010 | B12: 0.16853448 | C12: 0.07504566 | D12: 0.099842635 | E12: 0.062616756 | F12: 0.071224557 | G12: 0.039205513
A13: 2011 | B13: 0.17517769 | C13: 0.077181777 | D13: 0.10169348 | E13: 0.062354346 | F13: 0.069632446 | G13: 0.037808951
A14: 2012 | B14: 0.17873264 | C14: 0.079684717 | D14: 0.10214155 | E14: 0.061992286 | F14: 0.07023308 | G14: 0.038912839
A15: 2013 | B15: 0.17681495 | C15: 0.081466738 | D15: 0.10847221 | E15: 0.062848389 | F15: 0.070405195 | G15: 0.040374082
A16: 2014 | B16: 0.18004797 | C16: 0.083366421 | D16: 0.10604523 | E16: 0.062551699 | F16: 0.067354536 | G16: 0.037633616
... A26: 2024 | B26: 0.17332824 | C26: 0.094082426 | D26: 0.10839949 | E26: 0.066667642 | F26: 0.061404345 | G26: 0.032027023

Sheet terc_det
A1: Año | B1: Comercio | C1: Logística y transporte | D1: Servicios empresariales | E1: Servicios inmobiliarios | F1: Servicios sociales y gobierno | G1: Turismo y servicio personales
A2: 2003 | B2: 0.16480043 | C2: 0.075629734 | D2: 0.079238557 | E2: 0.058580648 | F2: 0.073016225 | G2: 0.046484837
A3: 2004 | B3: 0.16841061 | C3: 0.078449126 | D3: 0.081228611 | E3: 0.059530056 | F3: 0.071139786 | G3: 0.04546831
A4: 2005 | B4: 0.16969942 | C4: 0.077945248 | D4: 0.080061609 | E4: 0.059420059 | F4: 0.07036125 | G4: 0.045965893
A5: 2006 | B5: 0.17056335 | C5: 0.076179841 | D5: 0.083179444 | E5: 0.058613425 | F5: 0.066787636 | G5: 0.044597075
A6: 2007 | B6: 0.17102106 | C6: 0.075874778 | D6: 0.089465962 | E6: 0.058559026 | F6: 0.065121885 | G6: 0.045642166
A7: 2008 | B7: 0.17274043 | C7: 0.0750908 | D7: 0.093742267 | E7: 0.06093053 | F7: 0.068004462 | G7: 0.043862713
A8: 2009 | B8: 0.15881997 | C8: 0.072756666 | D8: 0.10119398 | E8: 0.065255984 | F8: 0.074005406 | G8: 0.043289466
A9: 2010 | B9: 0.16853448 | C9: 0.07504566 | D9: 0.099842635 | E9: 0.062616756 | F9: 0.071224557 | G9: 0.039205513
A10: 2011 | B10: 0.17517769 | C10: 0.077181777 | D10: 0.10169348 | E10: 0.062354346 | F10: 0.069632446 | G10: 0.037808951
A11: 2012 | B11: 0.17873264 | C11: 0.079684717 | D11: 0.10214155 | E11: 0.061992286 | F11: 0.07023308 | G11: 0.038912839
A12: 2013 | B12: 0.17681495 | C12: 0.081466738 | D12: 0.10847221 | E12: 0.062848389 | F12: 0.070405195 | G12: 0.040374082
A13: 2014 | B13: 0.18004797 | C13: 0.083366421 | D13: 0.10604523 | E13: 0.062551699 | F13: 0.067354536 | G13: 0.037633616
... A23: 2024 | B23: 0.17332824 | C23: 0.094082426 | D23: 0.10839949 | E23: 0.066667642 | F23: 0.061404345 | G23: 0.032027023

Sheet td3
A1: Actividad | B1: Actividades Secundarias
A3: Suma de Participacion | B3: Etiquetas de columna
A4: Etiquetas de fila | B4: Construcción | C4: Generación, transmisión, distribución y comercialización de energía eléctrica, suministro de agua y de gas natural por ductos al consumidor final | D4: Industrias manufactureras | E4: Minería
A5: 2003 | B5: 0.045975898 | C5: 0.01282686 | D5: 0.35045693 | E5: 0.0089870175
A6: 2004 | B6: 0.048229129 | C6: 0.012625129 | D6: 0.34363482 | E6: 0.008850914
A7: 2005 | B7: 0.054889742 | C7: 0.012792349 | D7: 0.34016142 | E7: 0.0091528562
A8: 2006 | B8: 0.060788293 | C8: 0.014821667 | D8: 0.33793852 | E8: 0.0081391937
A9: 2007 | B9: 0.06974578 | C9: 0.014180386 | D9: 0.3256531 | E9: 0.0082047944
A10: 2008 | B10: 0.063313464 | C10: 0.016008311 | D10: 0.32088316 | E10: 0.0077789311
A11: 2009 | B11: 0.057631795 | C11: 0.016970367 | D11: 0.32562038 | E11: 0.0093299896
A12: 2010 | B12: 0.060423241 | C12: 0.016039913 | D12: 0.32641142 | E12: 0.0093252499
A13: 2011 | B13: 0.059928469 | C13: 0.01779092 | D13: 0.32224411 | E13: 0.008667265
A14: 2012 | B14: 0.054995894 | C14: 0.017746516 | D14: 0.32287885 | E14: 0.0078308262
A15: 2013 | B15: 0.055187456 | C15: 0.017548066 | D15: 0.31440574 | E15: 0.0088735213
A16: 2014 | B16: 0.059399335 | C16: 0.01751339 | D16: 0.3140032 | E16: 0.0084179154
... A26: 2024 | B26: 0.056999564 | C26: 0.011639366 | D26: 0.32144279 | E26: 0.0062042177

Sheet sec_det
A1: Año | B1: Construcción | C1: Generación, transmisión, distribución y comercialización de energía eléctrica, suministro de agua y de gas natural por ductos al consumidor final | D1: Industrias manufactureras | E1: Minería
A2: 2003 | B2: 0.045975898 | C2: 0.01282686 | D2: 0.35045693 | E2: 0.0089870175
A3: 2004 | B3: 0.048229129 | C3: 0.012625129 | D3: 0.34363482 | E3: 0.008850914
A4: 2005 | B4: 0.054889742 | C4: 0.012792349 | D4: 0.34016142 | E4: 0.0091528562
A5: 2006 | B5: 0.060788293 | C5: 0.014821667 | D5: 0.33793852 | E5: 0.0081391937
A6: 2007 | B6: 0.06974578 | C6: 0.014180386 | D6: 0.3256531 | E6: 0.0082047944
A7: 2008 | B7: 0.063313464 | C7: 0.016008311 | D7: 0.32088316 | E7: 0.0077789311
A8: 2009 | B8: 0.057631795 | C8: 0.016970367 | D8: 0.32562038 | E8: 0.0093299896
A9: 2010 | B9: 0.060423241 | C9: 0.016039913 | D9: 0.32641142 | E9: 0.0093252499
A10: 2011 | B10: 0.059928469 | C10: 0.01779092 | D10: 0.32224411 | E10: 0.008667265
A11: 2012 | B11: 0.054995894 | C11: 0.017746516 | D11: 0.32287885 | E11: 0.0078308262
A12: 2013 | B12: 0.055187456 | C12: 0.017548066 | D12: 0.31440574 | E12: 0.0088735213
A13: 2014 | B13: 0.059399335 | C13: 0.01751339 | D13: 0.3140032 | E13: 0.0084179154
... A23: 2024 | B23: 0.056999564 | C23: 0.011639366 | D23: 0.32144279 | E23: 0.0062042177

Sheet pib_actividades
A1: Código | B1: Sector | C1: Actividad | D1: Grupo terciario | E1: Año | F1: PIB | G1: PIB TOTAL | H1: Participacion
A2: 11 | B2: Agricultura, cría y explotación de animales, aprovechamiento forestal, pesca y caza | C2: Actividades Primarias | E2: 2003 | F2: 11260.127 | G2: 1289662.1 | H2: =PIB_ACTIVIDADES[[#This Row],[PIB]]/PIB_ACTIVIDADES[[#This Row],[PIB TOTAL]] -> 0.0087310675
A3: 21 | B3: Minería | C3: Actividades Secundarias | E3: 2003 | F3: 11590.216 | G3: 1289662.1 | H3: =PIB_ACTIVIDADES[[#This Row],[PIB]]/PIB_ACTIVIDADES[[#This Row],[PIB TOTAL]] -> 0.0089870175
A4: 11 | B4: Agricultura, cría y explotación de animales, aprovechamiento forestal, pesca y caza | C4: Actividades Primarias | E4: 2004 | F4: 10348.765 | G4: 1335507.8 | H4: =PIB_ACTIVIDADES[[#This Row],[PIB]]/PIB_ACTIVIDADES[[#This Row],[PIB TOTAL]] -> 0.0077489362
A5: 11 | B5: Agricultura, cría y explotación de animales, aprovechamiento forestal, pesca y caza | C5: Actividades Primarias | E5: 2005 | F5: 9649.533 | G5: 1368862 | H5: =PIB_ACTIVIDADES[[#This Row],[PIB]]/PIB_ACTIVIDADES[[#This Row],[PIB TOTAL]] -> 0.0070493103
A6: 11 | B6: Agricultura, cría y explotación de animales, aprovechamiento forestal, pesca y caza | C6: Actividades Primarias | E6: 2006 | F6: 9426.818 | G6: 1469583.9 | H6: =PIB_ACTIVIDADES[[#This Row],[PIB]]/PIB_ACTIVIDADES[[#This Row],[PIB TOTAL]] -> 0.0064146171
A7: 11 | B7: Agricultura, cría y explotación de animales, aprovechamiento forestal, pesca y caza | C7: Actividades Primarias | E7: 2007 | F7: 10348.043 | G7: 1532409.5 | H7: =PIB_ACTIVIDADES[[#This Row],[PIB]]/PIB_ACTIVIDADES[[#This Row],[PIB TOTAL]] -> 0.0067527922
A8: 11 | B8: Agricultura, cría y explotación de animales, aprovechamiento forestal, pesca y caza | C8: Actividades Primarias | E8: 2008 | F8: 9707.646 | G8: 1531655 | H8: =PIB_ACTIVIDADES[[#This Row],[PIB]]/PIB_ACTIVIDADES[[#This Row],[PIB TOTAL]] -> 0.0063380107
A9: 11 | B9: Agricultura, cría y explotación de animales, aprovechamiento forestal, pesca y caza | C9: Actividades Primarias | E9: 2009 | F9: 10150.258 | G9: 1411038.7 | H9: =PIB_ACTIVIDADES[[#This Row],[PIB]]/PIB_ACTIVIDADES[[#This Row],[PIB TOTAL]] -> 0.0071934656
A10: 11 | B10: Agricultura, cría y explotación de animales, aprovechamiento forestal, pesca y caza | C10: Actividades Primarias | E10: 2010 | F10: 10616.776 | G10: 1509564.3 | H10: =PIB_ACTIVIDADES[[#This Row],[PIB]]/PIB_ACTIVIDADES[[#This Row],[PIB TOTAL]] -> 0.0070330069
A11: 11 | B11: Agricultura, cría y explotación de animales, aprovechamiento forestal, pesca y caza | C11: Actividades Primarias | E11: 2011 | F11: 9489.093 | G11: 1558835 | H11: =PIB_ACTIVIDADES[[#This Row],[PIB]]/PIB_ACTIVIDADES[[#This Row],[PIB TOTAL]] -> 0.0060872979
A12: 11 | B12: Agricultura, cría y explotación de animales, aprovechamiento forestal, pesca y caza | C12: Actividades Primarias | E12: 2012 | F12: 9890.615 | G12: 1621930.3 | H12: =PIB_ACTIVIDADES[[#This Row],[PIB]]/PIB_ACTIVIDADES[[#This Row],[PIB TOTAL]] -> 0.0060980519
A13: 11 | B13: Agricultura, cría y explotación de animales, aprovechamiento forestal, pesca y caza | C13: Actividades Primarias | E13: 2013 | F13: 9741.964 | G13: 1611568.8 | H13: =PIB_ACTIVIDADES[[#This Row],[PIB]]/PIB_ACTIVIDADES[[#This Row],[PIB TOTAL]] -> 0.006045019
... A111: 31-33 | B111: Industrias manufactureras | C111: Actividades Secundarias | E111: 2024 | F111: 662170.73 | G111: 2059995.6 | H111: =PIB_ACTIVIDADES[[#This Row],[PIB]]/PIB_ACTIVIDADES[[#This Row],[PIB TOTAL]] -> 0.32144279
A112: 43 | B112: Comercio al por mayor | C112: Actividades Terciarias | D112: Comercio | E112: 2003 | F112: 106297.51 | G112: 1289662.1 | H112: =PIB_ACTIVIDADES[[#This Row],[PIB]]/PIB_ACTIVIDADES[[#This Row],[PIB TOTAL]] -> 0.082422757
A113: 43 | B113: Comercio al por mayor | C113: Actividades Terciarias | D113: Comercio | E113: 2004 | F113: 113614.15 | G113: 1335507.8 | H113: =PIB_ACTIVIDADES[[#This Row],[PIB]]/PIB_ACTIVIDADES[[#This Row],[PIB TOTAL]] -> 0.085071874
A114: 43 | B114: Comercio al por mayor | C114: Actividades Terciarias | D114: Comercio | E114: 2005 | F114: 117285.43 | G114: 1368862 | H114: =PIB_ACTIVIDADES[[#This Row],[PIB]]/PIB_ACTIVIDADES[[#This Row],[PIB TOTAL]] -> 0.085680975
A115: 43 | B115: Comercio al por mayor | C115: Actividades Terciarias | D115: Comercio | E115: 2006 | F115: 127357.68 | G115: 1469583.9 | H115: =PIB_ACTIVIDADES[[#This Row],[PIB]]/PIB_ACTIVIDADES[[#This Row],[PIB TOTAL]] -> 0.086662405
A116: 43 | B116: Comercio al por mayor | C116: Actividades Terciarias | D116: Comercio | E116: 2007 | F116: 133262.16 | G116: 1532409.5 | H116: =PIB_ACTIVIDADES[[#This Row],[PIB]]/PIB_ACTIVIDADES[[#This Row],[PIB TOTAL]] -> 0.086962498
A117: 43 | B117: Comercio al por mayor | C117: Actividades Terciarias | D117: Comercio | E117: 2008 | F117: 135645.97 | G117: 1531655 | H117: =PIB_ACTIVIDADES[[#This Row],[PIB]]/PIB_ACTIVIDADES[[#This Row],[PIB TOTAL]] -> 0.088561699
A118: 43 | B118: Comercio al por mayor | C118: Actividades Terciarias | D118: Comercio | E118: 2009 | F118: 115960.43 | G118: 1411038.7 | H118: =PIB_ACTIVIDADES[[#This Row],[PIB]]/PIB_ACTIVIDADES[[#This Row],[PIB TOTAL]] -> 0.082180904
A119: 43 | B119: Comercio al por mayor | C119: Actividades Terciarias | D119: Comercio | E119: 2010 | F119: 130362.99 | G119: 1509564.3 | H119: =PIB_ACTIVIDADES[[#This Row],[PIB]]/PIB_ACTIVIDADES[[#This Row],[PIB TOTAL]] -> 0.086358022
A120: 43 | B120: Comercio al por mayor | C120: Actividades Terciarias | D120: Comercio | E120: 2011 | F120: 143260.53 | G120: 1558835 | H120: =PIB_ACTIVIDADES[[#This Row],[PIB]]/PIB_ACTIVIDADES[[#This Row],[PIB TOTAL]] -> 0.091902303
A121: 43 | B121: Comercio al por mayor | C121: Actividades Terciarias | D121: Comercio | E121: 2012 | F121: 151318.07 | G121: 1621930.3 | H121: =PIB_ACTIVIDADES[[#This Row],[PIB]]/PIB_ACTIVIDADES[[#This Row],[PIB TOTAL]] -> 0.093295054
A122: 43 | B122: Comercio al por mayor | C122: Actividades Terciarias | D122: Comercio | E122: 2013 | F122: 151816.11 | G122: 1611568.8 | H122: =PIB_ACTIVIDADES[[#This Row],[PIB]]/PIB_ACTIVIDADES[[#This Row],[PIB TOTAL]] -> 0.09420393
A123: 43 | B123: Comercio al por mayor | C123: Actividades Terciarias | D123: Comercio | E123: 2014 | F123: 162919.66 | G123: 1666974.7 | H123: =PIB_ACTIVIDADES[[#This Row],[PIB]]/PIB_ACTIVIDADES[[#This Row],[PIB TOTAL]] -> 0.097733734
... A441: 93 | B441: Actividades legislativas, gubernamentales, de impartición de justicia y de organismos internacionales y extraterritoriales | C441: Actividades Terciarias | D441: Servicios sociales y gobierno | E441: 2024 | F441: 34998.829 | G441: 2059995.6 | H441: =PIB_ACTIVIDADES[[#This Row],[PIB]]/PIB_ACTIVIDADES[[#This Row],[PIB TOTAL]] -> 0.016989759

Sheet pib_total
A1: Año | B1: PIB
A2: 2003 | B2: 1289662.1
A3: 2004 | B3: 1335507.8
A4: 2005 | B4: 1368862
A5: 2006 | B5: 1469583.9
A6: 2007 | B6: 1532409.5
A7: 2008 | B7: 1531655
A8: 2009 | B8: 1411038.7
A9: 2010 | B9: 1509564.3
A10: 2011 | B10: 1558835
A11: 2012 | B11: 1621930.3
A12: 2013 | B12: 1611568.8
A13: 2014 | B13: 1666974.7
... A23: 2024 | B23: 2059995.6
